{
	"website": {		
		"title": "Lorem Ipsum",
		"logo-url": "",
		"contact-mail": "contato@email.com",
		"gmaps-api-key": "AIzaSyAweoS6Re-3ct3tPGEhRW94VsKY8nmZT9E",
		"main-color": "FF0000"
	},
	"header": {
		"navbar": {
			"items": [
				{
					"title": "Home",
					"name": "home",
					"href": "/"
				},
				{
					"title": "Sobre",
					"name": "about",
					"href": "/sobre"
				},
				{
					"title": "Contato",
					"name": "contact",
					"href": "/contato"
				}
			]
		},
		"banner": {
			"title": "Lorem Ipsum",
			"subtitle": "\"Neque porro quisquam est qui dolorem ipsum quia dolor sit amet, consectetur, adipisci velit...\"",
			"button": {
				"caption": "Ver mais",
				"href": "/sobre"
			}
		}
	},
	"pages": {
		"home": {
			"paragraph": {
				"title": "Lorem ipsum dolor sit amet",
				"subtitle": "Lorem ipsum dolor sit amet, consectetur adipiscing elit. Maecenas leo nibh, ultrices sed metus sed, varius aliquam arcu. In facilisis magna et laoreet feugiat. Ut turpis risus, egestas id odio nec, congue tempor elit. Vestibulum et mauris viverra, auctor dui venenatis, posuere neque. Vivamus mollis libero vitae lorem suscipit lobortis. Praesent non leo massa. Nunc commodo tempor pellentesque. Duis hendrerit erat diam, ut cursus turpis suscipit eu."
			},
			"topics": [
				{					
					"icon": "fa-user-o",
					"title": "Nullam aliquet",
					"text": "Suspendisse urna leo, pulvinar nec dictum eget, commodo at risus. Integer feugiat quis nisl sed convallis. Nullam aliquet, lorem quis feugiat tempus, purus neque pharetra ipsum, non placerat dolor tortor vel arcu. Aenean feugiat, nisl ut porta laoreet, arcu massa molestie nibh, ut tincidunt felis massa in eros."
				},
				{					
					"icon": "fa-send-o",
					"title": "Suspendisse ac sapien",
					"text": "Integer in neque at dui posuere ornare sagittis ac mauris. Sed ultrices justo eu tristique lobortis. Nunc laoreet interdum leo at pretium. Suspendisse ac sapien ac purus vulputate auctor. Etiam accumsan tortor sollicitudin quam vulputate, ac dictum leo consectetur."
				},
				{					
					"icon": "fa-envelope-open-o",
					"title": "Duis suscipit",
					"text": "Duis suscipit ex at neque posuere pharetra. Morbi orci lorem, feugiat quis nibh vehicula, sagittis facilisis velit. In porta accumsan mi, nec ultricies risus suscipit et. Orci varius natoque penatibus et magnis dis parturient montes, nascetur ridiculus mus."
				}
			],
			"quote": {
				"title": "Lorem ipsum",
				"text": "Lorem ipsum dolor sit amet, consectetur adipiscing elit. Maecenas leo nibh, ultrices sed metus sed, varius aliquam arcu. In facilisis magna et laoreet feugiat. Ut turpis risus, egestas id odio nec, congue tempor elit.",
				"author": "Erich Von Daniken"
			},
			"sidebanner": {
				"image-url": "http://www.shximai.com/data/out/139/68297913-office-wallpapers.jpeg",
				"title": "Morbi semper turpis ex",
				"text": "Aenean vitae quam non eros sodales porttitor. Morbi semper turpis ex, non cursus leo luctus sed. Duis ac velit vestibulum, tincidunt velit sit amet, pharetra nulla. In iaculis vel magna nec hendrerit. Suspendisse imperdiet nisl ut dui bibendum fermentum. Donec ac facilisis felis. Mauris bibendum vitae ante non rutrum."
			}
		},
		"about": {
			"paragraph": {
				"title": "Lorem ipsum dolor sit amet",
				"subtitle": "Lorem ipsum dolor sit amet, consectetur adipiscing elit. Maecenas leo nibh, ultrices sed metus sed, varius aliquam arcu. In facilisis magna et laoreet feugiat. Ut turpis risus, egestas id odio nec, congue tempor elit. Vestibulum et mauris viverra, auctor dui venenatis, posuere neque. Vivamus mollis libero vitae lorem suscipit lobortis. Praesent non leo massa. Nunc commodo tempor pellentesque. Duis hendrerit erat diam, ut cursus turpis suscipit eu."
			},
			"divided-text": {
				"left": {
					"title": "Nullam aliquet",
					"text": "Suspendisse urna leo, pulvinar nec dictum eget, commodo at risus. Integer feugiat quis nisl sed convallis. Nullam aliquet, lorem quis feugiat tempus, purus neque pharetra ipsum, non placerat dolor tortor vel arcu. Aenean feugiat, nisl ut porta laoreet, arcu massa molestie nibh, ut tincidunt felis massa in eros."
				},
				"right": {
					"title": "Suspendisse ac sapien",
					"text": "Integer in neque at dui posuere ornare sagittis ac mauris. Sed ultrices justo eu tristique lobortis. Nunc laoreet interdum leo at pretium. Suspendisse ac sapien ac purus vulputate auctor. Etiam accumsan tortor sollicitudin quam vulputate, ac dictum leo consectetur."
				}
			}
		},
		"contact": {
			"title": "Entre em contato",
			"address": {
				"name": "Lorem ipsum",
				"line1": "Rua Suspendisse Urna Leo, 330",
				"line2": "Bairro - Cidade - RJ",
				"line3": "Tel: (21) 2222-3333"
			},
			"lattitude": "-22.415787",
			"longitude": "-42.971796",
			"form": {
				"field1": {
					"name": "Nome",
					"required": true,
					"active": true
				},
				"field2": {
					"name": "Cidade",
					"required": true,
					"active": true
				},
				"field3": {
					"name": "Email",
					"required": true,
					"active": true
				},
				"message-field": {
					"name": "Mensagem",
					"required": true,
					"active": true
				}
			}
		}
	}
}